id,winner_model_a,winner_model_b,winner_tie
136060,0.3766275,0.20056924,0.42280328
211333,0.5552195,0.17761737,0.2671632
1233961,0.2932116,0.36567613,0.3411123
